"","file_word"
"1","stim/492813_blockNr_1_taskNr_6_trialNr_1_english_recording.wav"
"2","stim/492813_blockNr_1_taskNr_6_trialNr_10_english_recording.wav"
"3","stim/492813_blockNr_1_taskNr_6_trialNr_11_english_recording.wav"
"4","stim/492813_blockNr_1_taskNr_6_trialNr_15_english_recording.wav"
"5","stim/492813_blockNr_1_taskNr_6_trialNr_21_english_recording.wav"
"6","stim/492813_blockNr_1_taskNr_6_trialNr_24_english_recording.wav"
"7","stim/492813_blockNr_1_taskNr_6_trialNr_3_english_recording.wav"
"8","stim/492813_blockNr_1_taskNr_6_trialNr_6_english_recording.wav"
"9","stim/492813_blockNr_1_taskNr_6_trialNr_8_english_recording.wav"
"10","stim/492814_blockNr_1_taskNr_7_trialNr_1_spanish_recording.wav"
"11","stim/492814_blockNr_1_taskNr_7_trialNr_10_spanish_recording.wav"
"12","stim/492814_blockNr_1_taskNr_7_trialNr_11_spanish_recording.wav"
"13","stim/492814_blockNr_1_taskNr_7_trialNr_15_spanish_recording.wav"
"14","stim/492814_blockNr_1_taskNr_7_trialNr_18_spanish_recording.wav"
"15","stim/492814_blockNr_1_taskNr_7_trialNr_19_spanish_recording.wav"
"16","stim/492814_blockNr_1_taskNr_7_trialNr_20_spanish_recording.wav"
"17","stim/492814_blockNr_1_taskNr_7_trialNr_22_spanish_recording.wav"
"18","stim/492814_blockNr_1_taskNr_7_trialNr_7_spanish_recording.wav"
"19","stim/492817_blockNr_1_taskNr_7_trialNr_11_english_recording.wav"
"20","stim/492817_blockNr_1_taskNr_7_trialNr_13_english_recording.wav"
"21","stim/492817_blockNr_1_taskNr_7_trialNr_15_english_recording.wav"
"22","stim/492817_blockNr_1_taskNr_7_trialNr_16_english_recording.wav"
"23","stim/492817_blockNr_1_taskNr_7_trialNr_2_english_recording.wav"
"24","stim/492817_blockNr_1_taskNr_7_trialNr_20_english_recording.wav"
"25","stim/492817_blockNr_1_taskNr_7_trialNr_24_english_recording.wav"
"26","stim/492817_blockNr_1_taskNr_7_trialNr_4_english_recording.wav"
"27","stim/492817_blockNr_1_taskNr_7_trialNr_7_english_recording.wav"
"28","stim/492818_blockNr_1_taskNr_6_trialNr_10_english_recording.wav"
"29","stim/492818_blockNr_1_taskNr_6_trialNr_12_english_recording.wav"
"30","stim/492818_blockNr_1_taskNr_6_trialNr_18_english_recording.wav"
"31","stim/492818_blockNr_1_taskNr_6_trialNr_19_english_recording.wav"
"32","stim/492818_blockNr_1_taskNr_6_trialNr_20_english_recording.wav"
"33","stim/492818_blockNr_1_taskNr_6_trialNr_21_english_recording.wav"
"34","stim/492818_blockNr_1_taskNr_6_trialNr_23_english_recording.wav"
"35","stim/492818_blockNr_1_taskNr_6_trialNr_3_english_recording.wav"
"36","stim/492818_blockNr_1_taskNr_6_trialNr_6_english_recording.wav"
"37","stim/492821_blockNr_1_taskNr_7_trialNr_13_english_recording.wav"
"38","stim/492821_blockNr_1_taskNr_7_trialNr_15_english_recording.wav"
"39","stim/492821_blockNr_1_taskNr_7_trialNr_18_english_recording.wav"
"40","stim/492821_blockNr_1_taskNr_7_trialNr_2_english_recording.wav"
"41","stim/492821_blockNr_1_taskNr_7_trialNr_23_english_recording.wav"
"42","stim/492821_blockNr_1_taskNr_7_trialNr_24_english_recording.wav"
"43","stim/492821_blockNr_1_taskNr_7_trialNr_3_english_recording.wav"
"44","stim/492821_blockNr_1_taskNr_7_trialNr_4_english_recording.wav"
"45","stim/492821_blockNr_1_taskNr_7_trialNr_9_english_recording.wav"
"46","stim/492825_blockNr_1_taskNr_7_trialNr_1_english_recording.wav"
"47","stim/492825_blockNr_1_taskNr_7_trialNr_17_english_recording.wav"
"48","stim/492825_blockNr_1_taskNr_7_trialNr_19_english_recording.wav"
"49","stim/492825_blockNr_1_taskNr_7_trialNr_21_english_recording.wav"
"50","stim/492825_blockNr_1_taskNr_7_trialNr_24_english_recording.wav"
"51","stim/492825_blockNr_1_taskNr_7_trialNr_5_english_recording.wav"
"52","stim/492825_blockNr_1_taskNr_7_trialNr_7_english_recording.wav"
"53","stim/492825_blockNr_1_taskNr_7_trialNr_8_english_recording.wav"
"54","stim/492825_blockNr_1_taskNr_7_trialNr_9_english_recording.wav"
"55","stim/492828_blockNr_1_taskNr_6_trialNr_11_spanish_recording.wav"
"56","stim/492828_blockNr_1_taskNr_6_trialNr_13_spanish_recording.wav"
"57","stim/492828_blockNr_1_taskNr_6_trialNr_15_spanish_recording.wav"
"58","stim/492828_blockNr_1_taskNr_6_trialNr_20_spanish_recording.wav"
"59","stim/492828_blockNr_1_taskNr_6_trialNr_21_spanish_recording.wav"
"60","stim/492828_blockNr_1_taskNr_6_trialNr_22_spanish_recording.wav"
"61","stim/492828_blockNr_1_taskNr_6_trialNr_24_spanish_recording.wav"
"62","stim/492828_blockNr_1_taskNr_6_trialNr_3_spanish_recording.wav"
"63","stim/492828_blockNr_1_taskNr_6_trialNr_7_spanish_recording.wav"
"64","stim/492835_blockNr_1_taskNr_6_trialNr_1_spanish_recording.wav"
"65","stim/492835_blockNr_1_taskNr_6_trialNr_11_spanish_recording.wav"
"66","stim/492835_blockNr_1_taskNr_6_trialNr_13_spanish_recording.wav"
"67","stim/492835_blockNr_1_taskNr_6_trialNr_14_spanish_recording.wav"
"68","stim/492835_blockNr_1_taskNr_6_trialNr_17_spanish_recording.wav"
"69","stim/492835_blockNr_1_taskNr_6_trialNr_20_spanish_recording.wav"
"70","stim/492835_blockNr_1_taskNr_6_trialNr_24_spanish_recording.wav"
"71","stim/492835_blockNr_1_taskNr_6_trialNr_3_spanish_recording.wav"
"72","stim/492835_blockNr_1_taskNr_6_trialNr_5_spanish_recording.wav"
"73","stim/492845_blockNr_1_taskNr_7_trialNr_10_english_recording.wav"
"74","stim/492845_blockNr_1_taskNr_7_trialNr_11_english_recording.wav"
"75","stim/492845_blockNr_1_taskNr_7_trialNr_14_english_recording.wav"
"76","stim/492845_blockNr_1_taskNr_7_trialNr_18_english_recording.wav"
"77","stim/492845_blockNr_1_taskNr_7_trialNr_2_english_recording.wav"
"78","stim/492845_blockNr_1_taskNr_7_trialNr_21_english_recording.wav"
"79","stim/492845_blockNr_1_taskNr_7_trialNr_4_english_recording.wav"
"80","stim/492845_blockNr_1_taskNr_7_trialNr_7_english_recording.wav"
"81","stim/492845_blockNr_1_taskNr_7_trialNr_9_english_recording.wav"
"82","stim/492856_blockNr_1_taskNr_7_trialNr_1_english_recording.wav"
"83","stim/492856_blockNr_1_taskNr_7_trialNr_10_english_recording.wav"
"84","stim/492856_blockNr_1_taskNr_7_trialNr_12_english_recording.wav"
"85","stim/492856_blockNr_1_taskNr_7_trialNr_15_english_recording.wav"
"86","stim/492856_blockNr_1_taskNr_7_trialNr_2_english_recording.wav"
"87","stim/492856_blockNr_1_taskNr_7_trialNr_20_english_recording.wav"
"88","stim/492856_blockNr_1_taskNr_7_trialNr_4_english_recording.wav"
"89","stim/492856_blockNr_1_taskNr_7_trialNr_6_english_recording.wav"
"90","stim/492856_blockNr_1_taskNr_7_trialNr_8_english_recording.wav"
"91","stim/492864_blockNr_1_taskNr_6_trialNr_11_english_recording.wav"
"92","stim/492864_blockNr_1_taskNr_6_trialNr_13_english_recording.wav"
"93","stim/492864_blockNr_1_taskNr_6_trialNr_17_english_recording.wav"
"94","stim/492864_blockNr_1_taskNr_6_trialNr_19_english_recording.wav"
"95","stim/492864_blockNr_1_taskNr_6_trialNr_3_english_recording.wav"
"96","stim/492864_blockNr_1_taskNr_6_trialNr_4_english_recording.wav"
"97","stim/492864_blockNr_1_taskNr_6_trialNr_6_english_recording.wav"
"98","stim/492864_blockNr_1_taskNr_6_trialNr_8_english_recording.wav"
"99","stim/492864_blockNr_1_taskNr_6_trialNr_9_english_recording.wav"
"100","stim/492872_blockNr_1_taskNr_7_trialNr_14_spanish_recording.wav"
"101","stim/492872_blockNr_1_taskNr_7_trialNr_16_spanish_recording.wav"
"102","stim/492872_blockNr_1_taskNr_7_trialNr_19_spanish_recording.wav"
"103","stim/492872_blockNr_1_taskNr_7_trialNr_20_spanish_recording.wav"
"104","stim/492872_blockNr_1_taskNr_7_trialNr_23_spanish_recording.wav"
"105","stim/492872_blockNr_1_taskNr_7_trialNr_3_spanish_recording.wav"
"106","stim/492872_blockNr_1_taskNr_7_trialNr_6_spanish_recording.wav"
"107","stim/492872_blockNr_1_taskNr_7_trialNr_7_spanish_recording.wav"
"108","stim/492872_blockNr_1_taskNr_7_trialNr_9_spanish_recording.wav"
"109","stim/492880_blockNr_1_taskNr_7_trialNr_1_english_recording.wav"
"110","stim/492880_blockNr_1_taskNr_7_trialNr_12_english_recording.wav"
"111","stim/492880_blockNr_1_taskNr_7_trialNr_16_english_recording.wav"
"112","stim/492880_blockNr_1_taskNr_7_trialNr_19_english_recording.wav"
"113","stim/492880_blockNr_1_taskNr_7_trialNr_20_english_recording.wav"
"114","stim/492880_blockNr_1_taskNr_7_trialNr_3_english_recording.wav"
"115","stim/492880_blockNr_1_taskNr_7_trialNr_4_english_recording.wav"
"116","stim/492880_blockNr_1_taskNr_7_trialNr_5_english_recording.wav"
"117","stim/492880_blockNr_1_taskNr_7_trialNr_7_english_recording.wav"
"118","stim/492882_blockNr_1_taskNr_6_trialNr_1_english_recording.wav"
"119","stim/492882_blockNr_1_taskNr_6_trialNr_14_english_recording.wav"
"120","stim/492882_blockNr_1_taskNr_6_trialNr_15_english_recording.wav"
"121","stim/492882_blockNr_1_taskNr_6_trialNr_18_english_recording.wav"
"122","stim/492882_blockNr_1_taskNr_6_trialNr_20_english_recording.wav"
"123","stim/492882_blockNr_1_taskNr_6_trialNr_23_english_recording.wav"
"124","stim/492882_blockNr_1_taskNr_6_trialNr_24_english_recording.wav"
"125","stim/492882_blockNr_1_taskNr_6_trialNr_4_english_recording.wav"
"126","stim/492882_blockNr_1_taskNr_6_trialNr_5_english_recording.wav"
"127","stim/492909_blockNr_1_taskNr_6_trialNr_10_english_recording.wav"
"128","stim/492909_blockNr_1_taskNr_6_trialNr_11_english_recording.wav"
"129","stim/492909_blockNr_1_taskNr_6_trialNr_14_english_recording.wav"
"130","stim/492909_blockNr_1_taskNr_6_trialNr_16_english_recording.wav"
"131","stim/492909_blockNr_1_taskNr_6_trialNr_2_english_recording.wav"
"132","stim/492909_blockNr_1_taskNr_6_trialNr_21_english_recording.wav"
"133","stim/492909_blockNr_1_taskNr_6_trialNr_23_english_recording.wav"
"134","stim/492909_blockNr_1_taskNr_6_trialNr_24_english_recording.wav"
"135","stim/492909_blockNr_1_taskNr_6_trialNr_4_english_recording.wav"
"136","stim/493072_blockNr_1_taskNr_7_trialNr_10_spanish_recording.wav"
"137","stim/493072_blockNr_1_taskNr_7_trialNr_11_spanish_recording.wav"
"138","stim/493072_blockNr_1_taskNr_7_trialNr_12_spanish_recording.wav"
"139","stim/493072_blockNr_1_taskNr_7_trialNr_17_spanish_recording.wav"
"140","stim/493072_blockNr_1_taskNr_7_trialNr_19_spanish_recording.wav"
"141","stim/493072_blockNr_1_taskNr_7_trialNr_21_spanish_recording.wav"
"142","stim/493072_blockNr_1_taskNr_7_trialNr_4_spanish_recording.wav"
"143","stim/493072_blockNr_1_taskNr_7_trialNr_7_spanish_recording.wav"
"144","stim/493072_blockNr_1_taskNr_7_trialNr_8_spanish_recording.wav"
"145","stim/493151_blockNr_1_taskNr_7_trialNr_12_spanish_recording.wav"
"146","stim/493151_blockNr_1_taskNr_7_trialNr_17_spanish_recording.wav"
"147","stim/493151_blockNr_1_taskNr_7_trialNr_2_spanish_recording.wav"
"148","stim/493151_blockNr_1_taskNr_7_trialNr_20_spanish_recording.wav"
"149","stim/493151_blockNr_1_taskNr_7_trialNr_21_spanish_recording.wav"
"150","stim/493151_blockNr_1_taskNr_7_trialNr_24_spanish_recording.wav"
"151","stim/493151_blockNr_1_taskNr_7_trialNr_4_spanish_recording.wav"
"152","stim/493151_blockNr_1_taskNr_7_trialNr_5_spanish_recording.wav"
"153","stim/493151_blockNr_1_taskNr_7_trialNr_9_spanish_recording.wav"
"154","stim/493215_blockNr_1_taskNr_6_trialNr_12_english_recording.wav"
"155","stim/493215_blockNr_1_taskNr_6_trialNr_13_english_recording.wav"
"156","stim/493215_blockNr_1_taskNr_6_trialNr_14_english_recording.wav"
"157","stim/493215_blockNr_1_taskNr_6_trialNr_2_english_recording.wav"
"158","stim/493215_blockNr_1_taskNr_6_trialNr_20_english_recording.wav"
"159","stim/493215_blockNr_1_taskNr_6_trialNr_21_english_recording.wav"
"160","stim/493215_blockNr_1_taskNr_6_trialNr_22_english_recording.wav"
"161","stim/493215_blockNr_1_taskNr_6_trialNr_24_english_recording.wav"
"162","stim/493215_blockNr_1_taskNr_6_trialNr_5_english_recording.wav"
"163","stim/493232_blockNr_1_taskNr_6_trialNr_10_spanish_recording.wav"
"164","stim/493232_blockNr_1_taskNr_6_trialNr_12_spanish_recording.wav"
"165","stim/493232_blockNr_1_taskNr_6_trialNr_14_spanish_recording.wav"
"166","stim/493232_blockNr_1_taskNr_6_trialNr_18_spanish_recording.wav"
"167","stim/493232_blockNr_1_taskNr_6_trialNr_2_spanish_recording.wav"
"168","stim/493232_blockNr_1_taskNr_6_trialNr_20_spanish_recording.wav"
"169","stim/493232_blockNr_1_taskNr_6_trialNr_3_spanish_recording.wav"
"170","stim/493232_blockNr_1_taskNr_6_trialNr_7_spanish_recording.wav"
"171","stim/493232_blockNr_1_taskNr_6_trialNr_8_spanish_recording.wav"
"172","stim/493272_blockNr_1_taskNr_7_trialNr_1_english_recording.wav"
"173","stim/493272_blockNr_1_taskNr_7_trialNr_14_english_recording.wav"
"174","stim/493272_blockNr_1_taskNr_7_trialNr_15_english_recording.wav"
"175","stim/493272_blockNr_1_taskNr_7_trialNr_16_english_recording.wav"
"176","stim/493272_blockNr_1_taskNr_7_trialNr_19_english_recording.wav"
"177","stim/493272_blockNr_1_taskNr_7_trialNr_22_english_recording.wav"
"178","stim/493272_blockNr_1_taskNr_7_trialNr_23_english_recording.wav"
"179","stim/493272_blockNr_1_taskNr_7_trialNr_4_english_recording.wav"
"180","stim/493272_blockNr_1_taskNr_7_trialNr_5_english_recording.wav"
"181","stim/493275_blockNr_1_taskNr_7_trialNr_16_english_recording.wav"
"182","stim/493275_blockNr_1_taskNr_7_trialNr_17_english_recording.wav"
"183","stim/493275_blockNr_1_taskNr_7_trialNr_2_english_recording.wav"
"184","stim/493275_blockNr_1_taskNr_7_trialNr_22_english_recording.wav"
"185","stim/493275_blockNr_1_taskNr_7_trialNr_3_english_recording.wav"
"186","stim/493275_blockNr_1_taskNr_7_trialNr_4_english_recording.wav"
"187","stim/493275_blockNr_1_taskNr_7_trialNr_6_english_recording.wav"
"188","stim/493275_blockNr_1_taskNr_7_trialNr_8_english_recording.wav"
"189","stim/493275_blockNr_1_taskNr_7_trialNr_9_english_recording.wav"
"190","stim/493278_blockNr_1_taskNr_6_trialNr_12_english_recording.wav"
"191","stim/493278_blockNr_1_taskNr_6_trialNr_15_english_recording.wav"
"192","stim/493278_blockNr_1_taskNr_6_trialNr_17_english_recording.wav"
"193","stim/493278_blockNr_1_taskNr_6_trialNr_19_english_recording.wav"
"194","stim/493278_blockNr_1_taskNr_6_trialNr_2_english_recording.wav"
"195","stim/493278_blockNr_1_taskNr_6_trialNr_20_english_recording.wav"
"196","stim/493278_blockNr_1_taskNr_6_trialNr_22_english_recording.wav"
"197","stim/493278_blockNr_1_taskNr_6_trialNr_4_english_recording.wav"
"198","stim/493278_blockNr_1_taskNr_6_trialNr_9_english_recording.wav"
"199","stim/493297_blockNr_1_taskNr_7_trialNr_1_english_recording.wav"
"200","stim/493297_blockNr_1_taskNr_7_trialNr_10_english_recording.wav"
"201","stim/493297_blockNr_1_taskNr_7_trialNr_11_english_recording.wav"
"202","stim/493297_blockNr_1_taskNr_7_trialNr_15_english_recording.wav"
"203","stim/493297_blockNr_1_taskNr_7_trialNr_20_english_recording.wav"
"204","stim/493297_blockNr_1_taskNr_7_trialNr_24_english_recording.wav"
"205","stim/493297_blockNr_1_taskNr_7_trialNr_4_english_recording.wav"
"206","stim/493297_blockNr_1_taskNr_7_trialNr_7_english_recording.wav"
"207","stim/493297_blockNr_1_taskNr_7_trialNr_9_english_recording.wav"
"208","stim/493310_blockNr_1_taskNr_6_trialNr_10_english_recording.wav"
"209","stim/493310_blockNr_1_taskNr_6_trialNr_13_english_recording.wav"
"210","stim/493310_blockNr_1_taskNr_6_trialNr_16_english_recording.wav"
"211","stim/493310_blockNr_1_taskNr_6_trialNr_17_english_recording.wav"
"212","stim/493310_blockNr_1_taskNr_6_trialNr_2_english_recording.wav"
"213","stim/493310_blockNr_1_taskNr_6_trialNr_3_english_recording.wav"
"214","stim/493310_blockNr_1_taskNr_6_trialNr_4_english_recording.wav"
"215","stim/493310_blockNr_1_taskNr_6_trialNr_5_english_recording.wav"
"216","stim/493310_blockNr_1_taskNr_6_trialNr_9_english_recording.wav"
"217","stim/493341_blockNr_1_taskNr_7_trialNr_1_english_recording.wav"
"218","stim/493341_blockNr_1_taskNr_7_trialNr_10_english_recording.wav"
"219","stim/493341_blockNr_1_taskNr_7_trialNr_12_english_recording.wav"
"220","stim/493341_blockNr_1_taskNr_7_trialNr_14_english_recording.wav"
"221","stim/493341_blockNr_1_taskNr_7_trialNr_16_english_recording.wav"
"222","stim/493341_blockNr_1_taskNr_7_trialNr_18_english_recording.wav"
"223","stim/493341_blockNr_1_taskNr_7_trialNr_22_english_recording.wav"
"224","stim/493341_blockNr_1_taskNr_7_trialNr_6_english_recording.wav"
"225","stim/493341_blockNr_1_taskNr_7_trialNr_7_english_recording.wav"
"226","stim/493414_blockNr_1_taskNr_7_trialNr_13_english_recording.wav"
"227","stim/493414_blockNr_1_taskNr_7_trialNr_15_english_recording.wav"
"228","stim/493414_blockNr_1_taskNr_7_trialNr_16_english_recording.wav"
"229","stim/493414_blockNr_1_taskNr_7_trialNr_19_english_recording.wav"
"230","stim/493414_blockNr_1_taskNr_7_trialNr_22_english_recording.wav"
"231","stim/493414_blockNr_1_taskNr_7_trialNr_23_english_recording.wav"
"232","stim/493414_blockNr_1_taskNr_7_trialNr_4_english_recording.wav"
"233","stim/493414_blockNr_1_taskNr_7_trialNr_6_english_recording.wav"
"234","stim/493414_blockNr_1_taskNr_7_trialNr_8_english_recording.wav"
"235","stim/493445_blockNr_1_taskNr_6_trialNr_12_english_recording.wav"
"236","stim/493445_blockNr_1_taskNr_6_trialNr_14_english_recording.wav"
"237","stim/493445_blockNr_1_taskNr_6_trialNr_17_english_recording.wav"
"238","stim/493445_blockNr_1_taskNr_6_trialNr_19_english_recording.wav"
"239","stim/493445_blockNr_1_taskNr_6_trialNr_2_english_recording.wav"
"240","stim/493445_blockNr_1_taskNr_6_trialNr_20_english_recording.wav"
"241","stim/493445_blockNr_1_taskNr_6_trialNr_3_english_recording.wav"
"242","stim/493445_blockNr_1_taskNr_6_trialNr_4_english_recording.wav"
"243","stim/493445_blockNr_1_taskNr_6_trialNr_8_english_recording.wav"
"244","stim/493447_blockNr_1_taskNr_6_trialNr_1_spanish_recording.wav"
"245","stim/493447_blockNr_1_taskNr_6_trialNr_10_spanish_recording.wav"
"246","stim/493447_blockNr_1_taskNr_6_trialNr_15_spanish_recording.wav"
"247","stim/493447_blockNr_1_taskNr_6_trialNr_18_spanish_recording.wav"
"248","stim/493447_blockNr_1_taskNr_6_trialNr_2_spanish_recording.wav"
"249","stim/493447_blockNr_1_taskNr_6_trialNr_21_spanish_recording.wav"
"250","stim/493447_blockNr_1_taskNr_6_trialNr_5_spanish_recording.wav"
"251","stim/493447_blockNr_1_taskNr_6_trialNr_7_spanish_recording.wav"
"252","stim/493447_blockNr_1_taskNr_6_trialNr_8_spanish_recording.wav"
"253","stim/493453_blockNr_1_taskNr_6_trialNr_1_english_recording.wav"
"254","stim/493453_blockNr_1_taskNr_6_trialNr_10_english_recording.wav"
"255","stim/493453_blockNr_1_taskNr_6_trialNr_13_english_recording.wav"
"256","stim/493453_blockNr_1_taskNr_6_trialNr_14_english_recording.wav"
"257","stim/493453_blockNr_1_taskNr_6_trialNr_18_english_recording.wav"
"258","stim/493453_blockNr_1_taskNr_6_trialNr_22_english_recording.wav"
"259","stim/493453_blockNr_1_taskNr_6_trialNr_23_english_recording.wav"
"260","stim/493453_blockNr_1_taskNr_6_trialNr_24_english_recording.wav"
"261","stim/493453_blockNr_1_taskNr_6_trialNr_7_english_recording.wav"
"262","stim/493454_blockNr_1_taskNr_6_trialNr_1_english_recording.wav"
"263","stim/493454_blockNr_1_taskNr_6_trialNr_13_english_recording.wav"
"264","stim/493454_blockNr_1_taskNr_6_trialNr_15_english_recording.wav"
"265","stim/493454_blockNr_1_taskNr_6_trialNr_16_english_recording.wav"
"266","stim/493454_blockNr_1_taskNr_6_trialNr_18_english_recording.wav"
"267","stim/493454_blockNr_1_taskNr_6_trialNr_20_english_recording.wav"
"268","stim/493454_blockNr_1_taskNr_6_trialNr_22_english_recording.wav"
"269","stim/493454_blockNr_1_taskNr_6_trialNr_5_english_recording.wav"
"270","stim/493454_blockNr_1_taskNr_6_trialNr_8_english_recording.wav"
"271","stim/493488_blockNr_1_taskNr_6_trialNr_12_english_recording.wav"
"272","stim/493488_blockNr_1_taskNr_6_trialNr_13_english_recording.wav"
"273","stim/493488_blockNr_1_taskNr_6_trialNr_21_english_recording.wav"
"274","stim/493488_blockNr_1_taskNr_6_trialNr_23_english_recording.wav"
"275","stim/493488_blockNr_1_taskNr_6_trialNr_24_english_recording.wav"
"276","stim/493488_blockNr_1_taskNr_6_trialNr_3_english_recording.wav"
"277","stim/493488_blockNr_1_taskNr_6_trialNr_5_english_recording.wav"
"278","stim/493488_blockNr_1_taskNr_6_trialNr_7_english_recording.wav"
"279","stim/493488_blockNr_1_taskNr_6_trialNr_9_english_recording.wav"
"280","stim/493499_blockNr_1_taskNr_6_trialNr_1_english_recording.wav"
"281","stim/493499_blockNr_1_taskNr_6_trialNr_10_english_recording.wav"
"282","stim/493499_blockNr_1_taskNr_6_trialNr_11_english_recording.wav"
"283","stim/493499_blockNr_1_taskNr_6_trialNr_12_english_recording.wav"
"284","stim/493499_blockNr_1_taskNr_6_trialNr_14_english_recording.wav"
"285","stim/493499_blockNr_1_taskNr_6_trialNr_21_english_recording.wav"
"286","stim/493499_blockNr_1_taskNr_6_trialNr_22_english_recording.wav"
"287","stim/493499_blockNr_1_taskNr_6_trialNr_4_english_recording.wav"
"288","stim/493499_blockNr_1_taskNr_6_trialNr_7_english_recording.wav"
"289","stim/493522_blockNr_1_taskNr_7_trialNr_10_spanish_recording.wav"
"290","stim/493522_blockNr_1_taskNr_7_trialNr_11_spanish_recording.wav"
"291","stim/493522_blockNr_1_taskNr_7_trialNr_13_spanish_recording.wav"
"292","stim/493522_blockNr_1_taskNr_7_trialNr_15_spanish_recording.wav"
"293","stim/493522_blockNr_1_taskNr_7_trialNr_17_spanish_recording.wav"
"294","stim/493522_blockNr_1_taskNr_7_trialNr_18_spanish_recording.wav"
"295","stim/493522_blockNr_1_taskNr_7_trialNr_23_spanish_recording.wav"
"296","stim/493522_blockNr_1_taskNr_7_trialNr_5_spanish_recording.wav"
"297","stim/493522_blockNr_1_taskNr_7_trialNr_6_spanish_recording.wav"
"298","stim/493817_blockNr_1_taskNr_7_trialNr_11_english_recording.wav"
"299","stim/493817_blockNr_1_taskNr_7_trialNr_14_english_recording.wav"
"300","stim/493817_blockNr_1_taskNr_7_trialNr_19_english_recording.wav"
"301","stim/493817_blockNr_1_taskNr_7_trialNr_2_english_recording.wav"
"302","stim/493817_blockNr_1_taskNr_7_trialNr_21_english_recording.wav"
"303","stim/493817_blockNr_1_taskNr_7_trialNr_24_english_recording.wav"
"304","stim/493817_blockNr_1_taskNr_7_trialNr_5_english_recording.wav"
"305","stim/493817_blockNr_1_taskNr_7_trialNr_6_english_recording.wav"
"306","stim/493817_blockNr_1_taskNr_7_trialNr_9_english_recording.wav"
"307","stim/493828_blockNr_1_taskNr_6_trialNr_1_english_recording.wav"
"308","stim/493828_blockNr_1_taskNr_6_trialNr_11_english_recording.wav"
"309","stim/493828_blockNr_1_taskNr_6_trialNr_13_english_recording.wav"
"310","stim/493828_blockNr_1_taskNr_6_trialNr_16_english_recording.wav"
"311","stim/493828_blockNr_1_taskNr_6_trialNr_22_english_recording.wav"
"312","stim/493828_blockNr_1_taskNr_6_trialNr_3_english_recording.wav"
"313","stim/493828_blockNr_1_taskNr_6_trialNr_4_english_recording.wav"
"314","stim/493828_blockNr_1_taskNr_6_trialNr_5_english_recording.wav"
"315","stim/493828_blockNr_1_taskNr_6_trialNr_8_english_recording.wav"
"316","stim/494162_blockNr_1_taskNr_7_trialNr_11_english_recording.wav"
"317","stim/494162_blockNr_1_taskNr_7_trialNr_12_english_recording.wav"
"318","stim/494162_blockNr_1_taskNr_7_trialNr_15_english_recording.wav"
"319","stim/494162_blockNr_1_taskNr_7_trialNr_17_english_recording.wav"
"320","stim/494162_blockNr_1_taskNr_7_trialNr_18_english_recording.wav"
"321","stim/494162_blockNr_1_taskNr_7_trialNr_2_english_recording.wav"
"322","stim/494162_blockNr_1_taskNr_7_trialNr_24_english_recording.wav"
"323","stim/494162_blockNr_1_taskNr_7_trialNr_3_english_recording.wav"
"324","stim/494162_blockNr_1_taskNr_7_trialNr_9_english_recording.wav"
"325","stim/494205_blockNr_1_taskNr_6_trialNr_14_english_recording.wav"
"326","stim/494205_blockNr_1_taskNr_6_trialNr_16_english_recording.wav"
"327","stim/494205_blockNr_1_taskNr_6_trialNr_18_english_recording.wav"
"328","stim/494205_blockNr_1_taskNr_6_trialNr_19_english_recording.wav"
"329","stim/494205_blockNr_1_taskNr_6_trialNr_2_english_recording.wav"
"330","stim/494205_blockNr_1_taskNr_6_trialNr_6_english_recording.wav"
"331","stim/494205_blockNr_1_taskNr_6_trialNr_7_english_recording.wav"
"332","stim/494205_blockNr_1_taskNr_6_trialNr_8_english_recording.wav"
"333","stim/494205_blockNr_1_taskNr_6_trialNr_9_english_recording.wav"
"334","stim/494216_blockNr_1_taskNr_6_trialNr_10_english_recording.wav"
"335","stim/494216_blockNr_1_taskNr_6_trialNr_13_english_recording.wav"
"336","stim/494216_blockNr_1_taskNr_6_trialNr_15_english_recording.wav"
"337","stim/494216_blockNr_1_taskNr_6_trialNr_19_english_recording.wav"
"338","stim/494216_blockNr_1_taskNr_6_trialNr_22_english_recording.wav"
"339","stim/494216_blockNr_1_taskNr_6_trialNr_24_english_recording.wav"
"340","stim/494216_blockNr_1_taskNr_6_trialNr_4_english_recording.wav"
"341","stim/494216_blockNr_1_taskNr_6_trialNr_6_english_recording.wav"
"342","stim/494216_blockNr_1_taskNr_6_trialNr_8_english_recording.wav"
"343","stim/499438_blockNr_1_taskNr_6_trialNr_13_english_recording.wav"
"344","stim/499438_blockNr_1_taskNr_6_trialNr_15_english_recording.wav"
"345","stim/499438_blockNr_1_taskNr_6_trialNr_16_english_recording.wav"
"346","stim/499438_blockNr_1_taskNr_6_trialNr_18_english_recording.wav"
"347","stim/499438_blockNr_1_taskNr_6_trialNr_19_english_recording.wav"
"348","stim/499438_blockNr_1_taskNr_6_trialNr_20_english_recording.wav"
"349","stim/499438_blockNr_1_taskNr_6_trialNr_22_english_recording.wav"
"350","stim/499438_blockNr_1_taskNr_6_trialNr_3_english_recording.wav"
"351","stim/499438_blockNr_1_taskNr_6_trialNr_9_english_recording.wav"
"352","stim/499441_blockNr_1_taskNr_7_trialNr_12_english_recording.wav"
"353","stim/499441_blockNr_1_taskNr_7_trialNr_13_english_recording.wav"
"354","stim/499441_blockNr_1_taskNr_7_trialNr_14_english_recording.wav"
"355","stim/499441_blockNr_1_taskNr_7_trialNr_15_english_recording.wav"
"356","stim/499441_blockNr_1_taskNr_7_trialNr_16_english_recording.wav"
"357","stim/499441_blockNr_1_taskNr_7_trialNr_19_english_recording.wav"
"358","stim/499441_blockNr_1_taskNr_7_trialNr_23_english_recording.wav"
"359","stim/499441_blockNr_1_taskNr_7_trialNr_7_english_recording.wav"
"360","stim/499441_blockNr_1_taskNr_7_trialNr_9_english_recording.wav"
"361","stim/499444_blockNr_1_taskNr_6_trialNr_1_english_recording.wav"
"362","stim/499444_blockNr_1_taskNr_6_trialNr_10_english_recording.wav"
"363","stim/499444_blockNr_1_taskNr_6_trialNr_14_english_recording.wav"
"364","stim/499444_blockNr_1_taskNr_6_trialNr_17_english_recording.wav"
"365","stim/499444_blockNr_1_taskNr_6_trialNr_18_english_recording.wav"
"366","stim/499444_blockNr_1_taskNr_6_trialNr_21_english_recording.wav"
"367","stim/499444_blockNr_1_taskNr_6_trialNr_4_english_recording.wav"
"368","stim/499444_blockNr_1_taskNr_6_trialNr_5_english_recording.wav"
"369","stim/499444_blockNr_1_taskNr_6_trialNr_8_english_recording.wav"
"370","stim/499451_blockNr_1_taskNr_7_trialNr_10_english_recording.wav"
"371","stim/499451_blockNr_1_taskNr_7_trialNr_11_english_recording.wav"
"372","stim/499451_blockNr_1_taskNr_7_trialNr_12_english_recording.wav"
"373","stim/499451_blockNr_1_taskNr_7_trialNr_14_english_recording.wav"
"374","stim/499451_blockNr_1_taskNr_7_trialNr_16_english_recording.wav"
"375","stim/499451_blockNr_1_taskNr_7_trialNr_2_english_recording.wav"
"376","stim/499451_blockNr_1_taskNr_7_trialNr_23_english_recording.wav"
"377","stim/499451_blockNr_1_taskNr_7_trialNr_24_english_recording.wav"
"378","stim/499451_blockNr_1_taskNr_7_trialNr_3_english_recording.wav"
"379","stim/499454_blockNr_1_taskNr_6_trialNr_10_english_recording.wav"
"380","stim/499454_blockNr_1_taskNr_6_trialNr_15_english_recording.wav"
"381","stim/499454_blockNr_1_taskNr_6_trialNr_18_english_recording.wav"
"382","stim/499454_blockNr_1_taskNr_6_trialNr_22_english_recording.wav"
"383","stim/499454_blockNr_1_taskNr_6_trialNr_24_english_recording.wav"
"384","stim/499454_blockNr_1_taskNr_6_trialNr_4_english_recording.wav"
"385","stim/499454_blockNr_1_taskNr_6_trialNr_5_english_recording.wav"
"386","stim/499454_blockNr_1_taskNr_6_trialNr_7_english_recording.wav"
"387","stim/499454_blockNr_1_taskNr_6_trialNr_8_english_recording.wav"
"388","stim/499456_blockNr_1_taskNr_7_trialNr_1_english_recording.wav"
"389","stim/499456_blockNr_1_taskNr_7_trialNr_10_english_recording.wav"
"390","stim/499456_blockNr_1_taskNr_7_trialNr_13_english_recording.wav"
"391","stim/499456_blockNr_1_taskNr_7_trialNr_16_english_recording.wav"
"392","stim/499456_blockNr_1_taskNr_7_trialNr_17_english_recording.wav"
"393","stim/499456_blockNr_1_taskNr_7_trialNr_18_english_recording.wav"
"394","stim/499456_blockNr_1_taskNr_7_trialNr_21_english_recording.wav"
"395","stim/499456_blockNr_1_taskNr_7_trialNr_23_english_recording.wav"
"396","stim/499456_blockNr_1_taskNr_7_trialNr_3_english_recording.wav"
"397","stim/499458_blockNr_1_taskNr_6_trialNr_14_english_recording.wav"
"398","stim/499458_blockNr_1_taskNr_6_trialNr_18_english_recording.wav"
"399","stim/499458_blockNr_1_taskNr_6_trialNr_19_english_recording.wav"
"400","stim/499458_blockNr_1_taskNr_6_trialNr_20_english_recording.wav"
"401","stim/499458_blockNr_1_taskNr_6_trialNr_22_english_recording.wav"
"402","stim/499458_blockNr_1_taskNr_6_trialNr_24_english_recording.wav"
"403","stim/499458_blockNr_1_taskNr_6_trialNr_3_english_recording.wav"
"404","stim/499458_blockNr_1_taskNr_6_trialNr_5_english_recording.wav"
"405","stim/499458_blockNr_1_taskNr_6_trialNr_7_english_recording.wav"
"406","stim/499461_blockNr_1_taskNr_7_trialNr_1_english_recording.wav"
"407","stim/499461_blockNr_1_taskNr_7_trialNr_10_english_recording.wav"
"408","stim/499461_blockNr_1_taskNr_7_trialNr_11_english_recording.wav"
"409","stim/499461_blockNr_1_taskNr_7_trialNr_14_english_recording.wav"
"410","stim/499461_blockNr_1_taskNr_7_trialNr_15_english_recording.wav"
"411","stim/499461_blockNr_1_taskNr_7_trialNr_18_english_recording.wav"
"412","stim/499461_blockNr_1_taskNr_7_trialNr_23_english_recording.wav"
"413","stim/499461_blockNr_1_taskNr_7_trialNr_5_english_recording.wav"
"414","stim/499461_blockNr_1_taskNr_7_trialNr_8_english_recording.wav"
"415","stim/499466_blockNr_1_taskNr_6_trialNr_11_english_recording.wav"
"416","stim/499466_blockNr_1_taskNr_6_trialNr_12_english_recording.wav"
"417","stim/499466_blockNr_1_taskNr_6_trialNr_13_english_recording.wav"
"418","stim/499466_blockNr_1_taskNr_6_trialNr_16_english_recording.wav"
"419","stim/499466_blockNr_1_taskNr_6_trialNr_19_english_recording.wav"
"420","stim/499466_blockNr_1_taskNr_6_trialNr_20_english_recording.wav"
"421","stim/499466_blockNr_1_taskNr_6_trialNr_22_english_recording.wav"
"422","stim/499466_blockNr_1_taskNr_6_trialNr_24_english_recording.wav"
"423","stim/499466_blockNr_1_taskNr_6_trialNr_7_english_recording.wav"
"424","stim/499467_blockNr_1_taskNr_7_trialNr_11_english_recording.wav"
"425","stim/499467_blockNr_1_taskNr_7_trialNr_12_english_recording.wav"
"426","stim/499467_blockNr_1_taskNr_7_trialNr_13_english_recording.wav"
"427","stim/499467_blockNr_1_taskNr_7_trialNr_16_english_recording.wav"
"428","stim/499467_blockNr_1_taskNr_7_trialNr_2_english_recording.wav"
"429","stim/499467_blockNr_1_taskNr_7_trialNr_23_english_recording.wav"
"430","stim/499467_blockNr_1_taskNr_7_trialNr_3_english_recording.wav"
"431","stim/499467_blockNr_1_taskNr_7_trialNr_5_english_recording.wav"
"432","stim/499467_blockNr_1_taskNr_7_trialNr_9_english_recording.wav"
"433","stim/499470_blockNr_1_taskNr_7_trialNr_13_english_recording.wav"
"434","stim/499470_blockNr_1_taskNr_7_trialNr_15_english_recording.wav"
"435","stim/499470_blockNr_1_taskNr_7_trialNr_17_english_recording.wav"
"436","stim/499470_blockNr_1_taskNr_7_trialNr_19_english_recording.wav"
"437","stim/499470_blockNr_1_taskNr_7_trialNr_2_english_recording.wav"
"438","stim/499470_blockNr_1_taskNr_7_trialNr_24_english_recording.wav"
"439","stim/499470_blockNr_1_taskNr_7_trialNr_4_english_recording.wav"
"440","stim/499470_blockNr_1_taskNr_7_trialNr_6_english_recording.wav"
"441","stim/499470_blockNr_1_taskNr_7_trialNr_9_english_recording.wav"
"442","stim/499472_blockNr_1_taskNr_6_trialNr_1_english_recording.wav"
"443","stim/499472_blockNr_1_taskNr_6_trialNr_10_english_recording.wav"
"444","stim/499472_blockNr_1_taskNr_6_trialNr_11_english_recording.wav"
"445","stim/499472_blockNr_1_taskNr_6_trialNr_16_english_recording.wav"
"446","stim/499472_blockNr_1_taskNr_6_trialNr_18_english_recording.wav"
"447","stim/499472_blockNr_1_taskNr_6_trialNr_2_english_recording.wav"
"448","stim/499472_blockNr_1_taskNr_6_trialNr_3_english_recording.wav"
"449","stim/499472_blockNr_1_taskNr_6_trialNr_7_english_recording.wav"
"450","stim/499472_blockNr_1_taskNr_6_trialNr_9_english_recording.wav"
"451","stim/499473_blockNr_1_taskNr_6_trialNr_12_english_recording.wav"
"452","stim/499473_blockNr_1_taskNr_6_trialNr_18_english_recording.wav"
"453","stim/499473_blockNr_1_taskNr_6_trialNr_2_english_recording.wav"
"454","stim/499473_blockNr_1_taskNr_6_trialNr_20_english_recording.wav"
"455","stim/499473_blockNr_1_taskNr_6_trialNr_24_english_recording.wav"
"456","stim/499473_blockNr_1_taskNr_6_trialNr_3_english_recording.wav"
"457","stim/499473_blockNr_1_taskNr_6_trialNr_4_english_recording.wav"
"458","stim/499473_blockNr_1_taskNr_6_trialNr_7_english_recording.wav"
"459","stim/499473_blockNr_1_taskNr_6_trialNr_8_english_recording.wav"
"460","stim/499474_blockNr_1_taskNr_6_trialNr_12_english_recording.wav"
"461","stim/499474_blockNr_1_taskNr_6_trialNr_14_english_recording.wav"
"462","stim/499474_blockNr_1_taskNr_6_trialNr_15_english_recording.wav"
"463","stim/499474_blockNr_1_taskNr_6_trialNr_17_english_recording.wav"
"464","stim/499474_blockNr_1_taskNr_6_trialNr_19_english_recording.wav"
"465","stim/499474_blockNr_1_taskNr_6_trialNr_21_english_recording.wav"
"466","stim/499474_blockNr_1_taskNr_6_trialNr_22_english_recording.wav"
"467","stim/499474_blockNr_1_taskNr_6_trialNr_23_english_recording.wav"
"468","stim/499474_blockNr_1_taskNr_6_trialNr_3_english_recording.wav"
"469","stim/499475_blockNr_1_taskNr_6_trialNr_1_english_recording.wav"
"470","stim/499475_blockNr_1_taskNr_6_trialNr_12_english_recording.wav"
"471","stim/499475_blockNr_1_taskNr_6_trialNr_13_english_recording.wav"
"472","stim/499475_blockNr_1_taskNr_6_trialNr_18_english_recording.wav"
"473","stim/499475_blockNr_1_taskNr_6_trialNr_23_english_recording.wav"
"474","stim/499475_blockNr_1_taskNr_6_trialNr_24_english_recording.wav"
"475","stim/499475_blockNr_1_taskNr_6_trialNr_4_english_recording.wav"
"476","stim/499475_blockNr_1_taskNr_6_trialNr_5_english_recording.wav"
"477","stim/499475_blockNr_1_taskNr_6_trialNr_6_english_recording.wav"
"478","stim/499477_blockNr_1_taskNr_6_trialNr_1_english_recording.wav"
"479","stim/499477_blockNr_1_taskNr_6_trialNr_10_english_recording.wav"
"480","stim/499477_blockNr_1_taskNr_6_trialNr_11_english_recording.wav"
"481","stim/499477_blockNr_1_taskNr_6_trialNr_15_english_recording.wav"
"482","stim/499477_blockNr_1_taskNr_6_trialNr_17_english_recording.wav"
"483","stim/499477_blockNr_1_taskNr_6_trialNr_19_english_recording.wav"
"484","stim/499477_blockNr_1_taskNr_6_trialNr_20_english_recording.wav"
"485","stim/499477_blockNr_1_taskNr_6_trialNr_4_english_recording.wav"
"486","stim/499477_blockNr_1_taskNr_6_trialNr_9_english_recording.wav"
"487","stim/499480_blockNr_1_taskNr_6_trialNr_13_english_recording.wav"
"488","stim/499480_blockNr_1_taskNr_6_trialNr_14_english_recording.wav"
"489","stim/499480_blockNr_1_taskNr_6_trialNr_17_english_recording.wav"
"490","stim/499480_blockNr_1_taskNr_6_trialNr_19_english_recording.wav"
"491","stim/499480_blockNr_1_taskNr_6_trialNr_22_english_recording.wav"
"492","stim/499480_blockNr_1_taskNr_6_trialNr_23_english_recording.wav"
"493","stim/499480_blockNr_1_taskNr_6_trialNr_4_english_recording.wav"
"494","stim/499480_blockNr_1_taskNr_6_trialNr_5_english_recording.wav"
"495","stim/499480_blockNr_1_taskNr_6_trialNr_6_english_recording.wav"
"496","stim/499483_blockNr_1_taskNr_6_trialNr_10_english_recording.wav"
"497","stim/499483_blockNr_1_taskNr_6_trialNr_16_english_recording.wav"
"498","stim/499483_blockNr_1_taskNr_6_trialNr_17_english_recording.wav"
"499","stim/499483_blockNr_1_taskNr_6_trialNr_20_english_recording.wav"
"500","stim/499483_blockNr_1_taskNr_6_trialNr_21_english_recording.wav"
"501","stim/499483_blockNr_1_taskNr_6_trialNr_23_english_recording.wav"
"502","stim/499483_blockNr_1_taskNr_6_trialNr_4_english_recording.wav"
"503","stim/499483_blockNr_1_taskNr_6_trialNr_7_english_recording.wav"
"504","stim/499483_blockNr_1_taskNr_6_trialNr_8_english_recording.wav"
"505","stim/499488_blockNr_1_taskNr_7_trialNr_1_english_recording.wav"
"506","stim/499488_blockNr_1_taskNr_7_trialNr_10_english_recording.wav"
"507","stim/499488_blockNr_1_taskNr_7_trialNr_14_english_recording.wav"
"508","stim/499488_blockNr_1_taskNr_7_trialNr_15_english_recording.wav"
"509","stim/499488_blockNr_1_taskNr_7_trialNr_20_english_recording.wav"
"510","stim/499488_blockNr_1_taskNr_7_trialNr_22_english_recording.wav"
"511","stim/499488_blockNr_1_taskNr_7_trialNr_24_english_recording.wav"
"512","stim/499488_blockNr_1_taskNr_7_trialNr_5_english_recording.wav"
"513","stim/499488_blockNr_1_taskNr_7_trialNr_7_english_recording.wav"
"514","stim/499489_blockNr_1_taskNr_6_trialNr_11_english_recording.wav"
"515","stim/499489_blockNr_1_taskNr_6_trialNr_15_english_recording.wav"
"516","stim/499489_blockNr_1_taskNr_6_trialNr_16_english_recording.wav"
"517","stim/499489_blockNr_1_taskNr_6_trialNr_2_english_recording.wav"
"518","stim/499489_blockNr_1_taskNr_6_trialNr_21_english_recording.wav"
"519","stim/499489_blockNr_1_taskNr_6_trialNr_22_english_recording.wav"
"520","stim/499489_blockNr_1_taskNr_6_trialNr_6_english_recording.wav"
"521","stim/499489_blockNr_1_taskNr_6_trialNr_8_english_recording.wav"
"522","stim/499489_blockNr_1_taskNr_6_trialNr_9_english_recording.wav"
"523","stim/499495_blockNr_1_taskNr_6_trialNr_12_english_recording.wav"
"524","stim/499495_blockNr_1_taskNr_6_trialNr_13_english_recording.wav"
"525","stim/499495_blockNr_1_taskNr_6_trialNr_19_english_recording.wav"
"526","stim/499495_blockNr_1_taskNr_6_trialNr_2_english_recording.wav"
"527","stim/499495_blockNr_1_taskNr_6_trialNr_21_english_recording.wav"
"528","stim/499495_blockNr_1_taskNr_6_trialNr_22_english_recording.wav"
"529","stim/499495_blockNr_1_taskNr_6_trialNr_24_english_recording.wav"
"530","stim/499495_blockNr_1_taskNr_6_trialNr_6_english_recording.wav"
"531","stim/499495_blockNr_1_taskNr_6_trialNr_7_english_recording.wav"
"532","stim/499497_blockNr_1_taskNr_6_trialNr_13_english_recording.wav"
"533","stim/499497_blockNr_1_taskNr_6_trialNr_14_english_recording.wav"
"534","stim/499497_blockNr_1_taskNr_6_trialNr_16_english_recording.wav"
"535","stim/499497_blockNr_1_taskNr_6_trialNr_19_english_recording.wav"
"536","stim/499497_blockNr_1_taskNr_6_trialNr_21_english_recording.wav"
"537","stim/499497_blockNr_1_taskNr_6_trialNr_24_english_recording.wav"
"538","stim/499497_blockNr_1_taskNr_6_trialNr_3_english_recording.wav"
"539","stim/499497_blockNr_1_taskNr_6_trialNr_7_english_recording.wav"
"540","stim/499497_blockNr_1_taskNr_6_trialNr_8_english_recording.wav"
"541","stim/499507_blockNr_1_taskNr_7_trialNr_10_english_recording.wav"
"542","stim/499507_blockNr_1_taskNr_7_trialNr_13_english_recording.wav"
"543","stim/499507_blockNr_1_taskNr_7_trialNr_15_english_recording.wav"
"544","stim/499507_blockNr_1_taskNr_7_trialNr_16_english_recording.wav"
"545","stim/499507_blockNr_1_taskNr_7_trialNr_18_english_recording.wav"
"546","stim/499507_blockNr_1_taskNr_7_trialNr_2_english_recording.wav"
"547","stim/499507_blockNr_1_taskNr_7_trialNr_21_english_recording.wav"
"548","stim/499507_blockNr_1_taskNr_7_trialNr_23_english_recording.wav"
"549","stim/499507_blockNr_1_taskNr_7_trialNr_7_english_recording.wav"
"550","stim/499511_blockNr_1_taskNr_6_trialNr_1_english_recording.wav"
"551","stim/499511_blockNr_1_taskNr_6_trialNr_10_english_recording.wav"
"552","stim/499511_blockNr_1_taskNr_6_trialNr_16_english_recording.wav"
"553","stim/499511_blockNr_1_taskNr_6_trialNr_18_english_recording.wav"
"554","stim/499511_blockNr_1_taskNr_6_trialNr_19_english_recording.wav"
"555","stim/499511_blockNr_1_taskNr_6_trialNr_20_english_recording.wav"
"556","stim/499511_blockNr_1_taskNr_6_trialNr_22_english_recording.wav"
"557","stim/499511_blockNr_1_taskNr_6_trialNr_4_english_recording.wav"
"558","stim/499511_blockNr_1_taskNr_6_trialNr_7_english_recording.wav"
"559","stim/499512_blockNr_1_taskNr_7_trialNr_10_english_recording.wav"
"560","stim/499512_blockNr_1_taskNr_7_trialNr_15_english_recording.wav"
"561","stim/499512_blockNr_1_taskNr_7_trialNr_16_english_recording.wav"
"562","stim/499512_blockNr_1_taskNr_7_trialNr_17_english_recording.wav"
"563","stim/499512_blockNr_1_taskNr_7_trialNr_18_english_recording.wav"
"564","stim/499512_blockNr_1_taskNr_7_trialNr_21_english_recording.wav"
"565","stim/499512_blockNr_1_taskNr_7_trialNr_23_english_recording.wav"
"566","stim/499512_blockNr_1_taskNr_7_trialNr_4_english_recording.wav"
"567","stim/499512_blockNr_1_taskNr_7_trialNr_8_english_recording.wav"
"568","stim/499514_blockNr_1_taskNr_7_trialNr_11_english_recording.wav"
"569","stim/499514_blockNr_1_taskNr_7_trialNr_12_english_recording.wav"
"570","stim/499514_blockNr_1_taskNr_7_trialNr_15_english_recording.wav"
"571","stim/499514_blockNr_1_taskNr_7_trialNr_2_english_recording.wav"
"572","stim/499514_blockNr_1_taskNr_7_trialNr_20_english_recording.wav"
"573","stim/499514_blockNr_1_taskNr_7_trialNr_24_english_recording.wav"
"574","stim/499514_blockNr_1_taskNr_7_trialNr_3_english_recording.wav"
"575","stim/499514_blockNr_1_taskNr_7_trialNr_4_english_recording.wav"
"576","stim/499514_blockNr_1_taskNr_7_trialNr_9_english_recording.wav"
"577","stim/499515_blockNr_1_taskNr_7_trialNr_11_english_recording.wav"
"578","stim/499515_blockNr_1_taskNr_7_trialNr_13_english_recording.wav"
"579","stim/499515_blockNr_1_taskNr_7_trialNr_16_english_recording.wav"
"580","stim/499515_blockNr_1_taskNr_7_trialNr_19_english_recording.wav"
"581","stim/499515_blockNr_1_taskNr_7_trialNr_22_english_recording.wav"
"582","stim/499515_blockNr_1_taskNr_7_trialNr_23_english_recording.wav"
"583","stim/499515_blockNr_1_taskNr_7_trialNr_24_english_recording.wav"
"584","stim/499515_blockNr_1_taskNr_7_trialNr_8_english_recording.wav"
"585","stim/499515_blockNr_1_taskNr_7_trialNr_9_english_recording.wav"
"586","stim/499516_blockNr_1_taskNr_6_trialNr_12_english_recording.wav"
"587","stim/499516_blockNr_1_taskNr_6_trialNr_14_english_recording.wav"
"588","stim/499516_blockNr_1_taskNr_6_trialNr_16_english_recording.wav"
"589","stim/499516_blockNr_1_taskNr_6_trialNr_17_english_recording.wav"
"590","stim/499516_blockNr_1_taskNr_6_trialNr_18_english_recording.wav"
"591","stim/499516_blockNr_1_taskNr_6_trialNr_19_english_recording.wav"
"592","stim/499516_blockNr_1_taskNr_6_trialNr_22_english_recording.wav"
"593","stim/499516_blockNr_1_taskNr_6_trialNr_5_english_recording.wav"
"594","stim/499516_blockNr_1_taskNr_6_trialNr_7_english_recording.wav"
"595","stim/499525_blockNr_1_taskNr_6_trialNr_10_english_recording.wav"
"596","stim/499525_blockNr_1_taskNr_6_trialNr_14_english_recording.wav"
"597","stim/499525_blockNr_1_taskNr_6_trialNr_15_english_recording.wav"
"598","stim/499525_blockNr_1_taskNr_6_trialNr_19_english_recording.wav"
"599","stim/499525_blockNr_1_taskNr_6_trialNr_23_english_recording.wav"
"600","stim/499525_blockNr_1_taskNr_6_trialNr_24_english_recording.wav"
"601","stim/499525_blockNr_1_taskNr_6_trialNr_3_english_recording.wav"
"602","stim/499525_blockNr_1_taskNr_6_trialNr_5_english_recording.wav"
"603","stim/499525_blockNr_1_taskNr_6_trialNr_8_english_recording.wav"
"604","stim/499532_blockNr_1_taskNr_6_trialNr_11_english_recording.wav"
"605","stim/499532_blockNr_1_taskNr_6_trialNr_12_english_recording.wav"
"606","stim/499532_blockNr_1_taskNr_6_trialNr_16_english_recording.wav"
"607","stim/499532_blockNr_1_taskNr_6_trialNr_17_english_recording.wav"
"608","stim/499532_blockNr_1_taskNr_6_trialNr_20_english_recording.wav"
"609","stim/499532_blockNr_1_taskNr_6_trialNr_22_english_recording.wav"
"610","stim/499532_blockNr_1_taskNr_6_trialNr_3_english_recording.wav"
"611","stim/499532_blockNr_1_taskNr_6_trialNr_7_english_recording.wav"
"612","stim/499532_blockNr_1_taskNr_6_trialNr_9_english_recording.wav"
"613","stim/499536_blockNr_1_taskNr_6_trialNr_11_english_recording.wav"
"614","stim/499536_blockNr_1_taskNr_6_trialNr_15_english_recording.wav"
"615","stim/499536_blockNr_1_taskNr_6_trialNr_17_english_recording.wav"
"616","stim/499536_blockNr_1_taskNr_6_trialNr_2_english_recording.wav"
"617","stim/499536_blockNr_1_taskNr_6_trialNr_22_english_recording.wav"
"618","stim/499536_blockNr_1_taskNr_6_trialNr_3_english_recording.wav"
"619","stim/499536_blockNr_1_taskNr_6_trialNr_5_english_recording.wav"
"620","stim/499536_blockNr_1_taskNr_6_trialNr_7_english_recording.wav"
"621","stim/499536_blockNr_1_taskNr_6_trialNr_9_english_recording.wav"
"622","stim/499553_blockNr_1_taskNr_7_trialNr_1_english_recording.wav"
"623","stim/499553_blockNr_1_taskNr_7_trialNr_11_english_recording.wav"
"624","stim/499553_blockNr_1_taskNr_7_trialNr_13_english_recording.wav"
"625","stim/499553_blockNr_1_taskNr_7_trialNr_16_english_recording.wav"
"626","stim/499553_blockNr_1_taskNr_7_trialNr_18_english_recording.wav"
"627","stim/499553_blockNr_1_taskNr_7_trialNr_19_english_recording.wav"
"628","stim/499553_blockNr_1_taskNr_7_trialNr_22_english_recording.wav"
"629","stim/499553_blockNr_1_taskNr_7_trialNr_5_english_recording.wav"
"630","stim/499553_blockNr_1_taskNr_7_trialNr_6_english_recording.wav"
"631","stim/499557_blockNr_1_taskNr_6_trialNr_11_english_recording.wav"
"632","stim/499557_blockNr_1_taskNr_6_trialNr_14_english_recording.wav"
"633","stim/499557_blockNr_1_taskNr_6_trialNr_16_english_recording.wav"
"634","stim/499557_blockNr_1_taskNr_6_trialNr_20_english_recording.wav"
"635","stim/499557_blockNr_1_taskNr_6_trialNr_23_english_recording.wav"
"636","stim/499557_blockNr_1_taskNr_6_trialNr_5_english_recording.wav"
"637","stim/499557_blockNr_1_taskNr_6_trialNr_7_english_recording.wav"
"638","stim/499557_blockNr_1_taskNr_6_trialNr_8_english_recording.wav"
"639","stim/499557_blockNr_1_taskNr_6_trialNr_9_english_recording.wav"
"640","stim/499561_blockNr_1_taskNr_7_trialNr_11_english_recording.wav"
"641","stim/499561_blockNr_1_taskNr_7_trialNr_16_english_recording.wav"
"642","stim/499561_blockNr_1_taskNr_7_trialNr_18_english_recording.wav"
"643","stim/499561_blockNr_1_taskNr_7_trialNr_20_english_recording.wav"
"644","stim/499561_blockNr_1_taskNr_7_trialNr_21_english_recording.wav"
"645","stim/499561_blockNr_1_taskNr_7_trialNr_24_english_recording.wav"
"646","stim/499561_blockNr_1_taskNr_7_trialNr_3_english_recording.wav"
"647","stim/499561_blockNr_1_taskNr_7_trialNr_5_english_recording.wav"
"648","stim/499561_blockNr_1_taskNr_7_trialNr_9_english_recording.wav"
"649","stim/499567_blockNr_1_taskNr_7_trialNr_10_english_recording.wav"
"650","stim/499567_blockNr_1_taskNr_7_trialNr_15_english_recording.wav"
"651","stim/499567_blockNr_1_taskNr_7_trialNr_16_english_recording.wav"
"652","stim/499567_blockNr_1_taskNr_7_trialNr_18_english_recording.wav"
"653","stim/499567_blockNr_1_taskNr_7_trialNr_2_english_recording.wav"
"654","stim/499567_blockNr_1_taskNr_7_trialNr_20_english_recording.wav"
"655","stim/499567_blockNr_1_taskNr_7_trialNr_22_english_recording.wav"
"656","stim/499567_blockNr_1_taskNr_7_trialNr_4_english_recording.wav"
"657","stim/499567_blockNr_1_taskNr_7_trialNr_7_english_recording.wav"
"658","stim/499570_blockNr_1_taskNr_6_trialNr_16_english_recording.wav"
"659","stim/499570_blockNr_1_taskNr_6_trialNr_18_english_recording.wav"
"660","stim/499570_blockNr_1_taskNr_6_trialNr_21_english_recording.wav"
"661","stim/499570_blockNr_1_taskNr_6_trialNr_23_english_recording.wav"
"662","stim/499570_blockNr_1_taskNr_6_trialNr_24_english_recording.wav"
"663","stim/499570_blockNr_1_taskNr_6_trialNr_3_english_recording.wav"
"664","stim/499570_blockNr_1_taskNr_6_trialNr_4_english_recording.wav"
"665","stim/499570_blockNr_1_taskNr_6_trialNr_7_english_recording.wav"
"666","stim/499570_blockNr_1_taskNr_6_trialNr_9_english_recording.wav"
"667","stim/499574_blockNr_1_taskNr_6_trialNr_10_english_recording.wav"
"668","stim/499574_blockNr_1_taskNr_6_trialNr_12_english_recording.wav"
"669","stim/499574_blockNr_1_taskNr_6_trialNr_2_english_recording.wav"
"670","stim/499574_blockNr_1_taskNr_6_trialNr_21_english_recording.wav"
"671","stim/499574_blockNr_1_taskNr_6_trialNr_23_english_recording.wav"
"672","stim/499574_blockNr_1_taskNr_6_trialNr_24_english_recording.wav"
"673","stim/499574_blockNr_1_taskNr_6_trialNr_5_english_recording.wav"
"674","stim/499574_blockNr_1_taskNr_6_trialNr_8_english_recording.wav"
"675","stim/499574_blockNr_1_taskNr_6_trialNr_9_english_recording.wav"
"676","stim/500081_blockNr_1_taskNr_6_trialNr_16_spanish_recording.wav"
"677","stim/500081_blockNr_1_taskNr_6_trialNr_19_spanish_recording.wav"
"678","stim/500081_blockNr_1_taskNr_6_trialNr_20_spanish_recording.wav"
"679","stim/500081_blockNr_1_taskNr_6_trialNr_21_spanish_recording.wav"
"680","stim/500081_blockNr_1_taskNr_6_trialNr_24_spanish_recording.wav"
"681","stim/500081_blockNr_1_taskNr_6_trialNr_3_spanish_recording.wav"
"682","stim/500081_blockNr_1_taskNr_6_trialNr_5_spanish_recording.wav"
"683","stim/500081_blockNr_1_taskNr_6_trialNr_6_spanish_recording.wav"
"684","stim/500081_blockNr_1_taskNr_6_trialNr_9_spanish_recording.wav"
"685","stim/500100_blockNr_1_taskNr_6_trialNr_10_spanish_recording.wav"
"686","stim/500100_blockNr_1_taskNr_6_trialNr_11_spanish_recording.wav"
"687","stim/500100_blockNr_1_taskNr_6_trialNr_13_spanish_recording.wav"
"688","stim/500100_blockNr_1_taskNr_6_trialNr_21_spanish_recording.wav"
"689","stim/500100_blockNr_1_taskNr_6_trialNr_3_spanish_recording.wav"
"690","stim/500100_blockNr_1_taskNr_6_trialNr_5_spanish_recording.wav"
"691","stim/500100_blockNr_1_taskNr_6_trialNr_6_spanish_recording.wav"
"692","stim/500100_blockNr_1_taskNr_6_trialNr_7_spanish_recording.wav"
"693","stim/500100_blockNr_1_taskNr_6_trialNr_8_spanish_recording.wav"
"694","stim/500141_blockNr_1_taskNr_7_trialNr_1_spanish_recording.wav"
"695","stim/500141_blockNr_1_taskNr_7_trialNr_10_spanish_recording.wav"
"696","stim/500141_blockNr_1_taskNr_7_trialNr_12_spanish_recording.wav"
"697","stim/500141_blockNr_1_taskNr_7_trialNr_15_spanish_recording.wav"
"698","stim/500141_blockNr_1_taskNr_7_trialNr_16_spanish_recording.wav"
"699","stim/500141_blockNr_1_taskNr_7_trialNr_17_spanish_recording.wav"
"700","stim/500141_blockNr_1_taskNr_7_trialNr_19_spanish_recording.wav"
"701","stim/500141_blockNr_1_taskNr_7_trialNr_3_spanish_recording.wav"
"702","stim/500141_blockNr_1_taskNr_7_trialNr_7_spanish_recording.wav"
"703","stim/500151_blockNr_1_taskNr_7_trialNr_13_spanish_recording.wav"
"704","stim/500151_blockNr_1_taskNr_7_trialNr_15_spanish_recording.wav"
"705","stim/500151_blockNr_1_taskNr_7_trialNr_17_spanish_recording.wav"
"706","stim/500151_blockNr_1_taskNr_7_trialNr_20_spanish_recording.wav"
"707","stim/500151_blockNr_1_taskNr_7_trialNr_21_spanish_recording.wav"
"708","stim/500151_blockNr_1_taskNr_7_trialNr_23_spanish_recording.wav"
"709","stim/500151_blockNr_1_taskNr_7_trialNr_24_spanish_recording.wav"
"710","stim/500151_blockNr_1_taskNr_7_trialNr_5_spanish_recording.wav"
"711","stim/500151_blockNr_1_taskNr_7_trialNr_9_spanish_recording.wav"
"712","stim/500223_blockNr_1_taskNr_7_trialNr_1_spanish_recording.wav"
"713","stim/500223_blockNr_1_taskNr_7_trialNr_10_spanish_recording.wav"
"714","stim/500223_blockNr_1_taskNr_7_trialNr_11_spanish_recording.wav"
"715","stim/500223_blockNr_1_taskNr_7_trialNr_18_spanish_recording.wav"
"716","stim/500223_blockNr_1_taskNr_7_trialNr_2_spanish_recording.wav"
"717","stim/500223_blockNr_1_taskNr_7_trialNr_21_spanish_recording.wav"
"718","stim/500223_blockNr_1_taskNr_7_trialNr_22_spanish_recording.wav"
"719","stim/500223_blockNr_1_taskNr_7_trialNr_5_spanish_recording.wav"
"720","stim/500223_blockNr_1_taskNr_7_trialNr_8_spanish_recording.wav"
"721","stim/500225_blockNr_1_taskNr_6_trialNr_15_spanish_recording.wav"
"722","stim/500225_blockNr_1_taskNr_6_trialNr_18_spanish_recording.wav"
"723","stim/500225_blockNr_1_taskNr_6_trialNr_19_spanish_recording.wav"
"724","stim/500225_blockNr_1_taskNr_6_trialNr_2_spanish_recording.wav"
"725","stim/500225_blockNr_1_taskNr_6_trialNr_21_spanish_recording.wav"
"726","stim/500225_blockNr_1_taskNr_6_trialNr_24_spanish_recording.wav"
"727","stim/500225_blockNr_1_taskNr_6_trialNr_4_spanish_recording.wav"
"728","stim/500225_blockNr_1_taskNr_6_trialNr_5_spanish_recording.wav"
"729","stim/500225_blockNr_1_taskNr_6_trialNr_7_spanish_recording.wav"
"730","stim/500265_blockNr_1_taskNr_6_trialNr_12_spanish_recording.wav"
"731","stim/500265_blockNr_1_taskNr_6_trialNr_13_spanish_recording.wav"
"732","stim/500265_blockNr_1_taskNr_6_trialNr_14_spanish_recording.wav"
"733","stim/500265_blockNr_1_taskNr_6_trialNr_19_spanish_recording.wav"
"734","stim/500265_blockNr_1_taskNr_6_trialNr_24_spanish_recording.wav"
"735","stim/500265_blockNr_1_taskNr_6_trialNr_5_spanish_recording.wav"
"736","stim/500265_blockNr_1_taskNr_6_trialNr_6_spanish_recording.wav"
"737","stim/500265_blockNr_1_taskNr_6_trialNr_7_spanish_recording.wav"
"738","stim/500265_blockNr_1_taskNr_6_trialNr_9_spanish_recording.wav"
"739","stim/500271_blockNr_1_taskNr_6_trialNr_1_spanish_recording.wav"
"740","stim/500271_blockNr_1_taskNr_6_trialNr_11_spanish_recording.wav"
"741","stim/500271_blockNr_1_taskNr_6_trialNr_12_spanish_recording.wav"
"742","stim/500271_blockNr_1_taskNr_6_trialNr_14_spanish_recording.wav"
"743","stim/500271_blockNr_1_taskNr_6_trialNr_17_spanish_recording.wav"
"744","stim/500271_blockNr_1_taskNr_6_trialNr_2_spanish_recording.wav"
"745","stim/500271_blockNr_1_taskNr_6_trialNr_22_spanish_recording.wav"
"746","stim/500271_blockNr_1_taskNr_6_trialNr_3_spanish_recording.wav"
"747","stim/500271_blockNr_1_taskNr_6_trialNr_7_spanish_recording.wav"
"748","stim/500298_blockNr_1_taskNr_7_trialNr_11_spanish_recording.wav"
"749","stim/500298_blockNr_1_taskNr_7_trialNr_13_spanish_recording.wav"
"750","stim/500298_blockNr_1_taskNr_7_trialNr_15_spanish_recording.wav"
"751","stim/500298_blockNr_1_taskNr_7_trialNr_17_spanish_recording.wav"
"752","stim/500298_blockNr_1_taskNr_7_trialNr_19_spanish_recording.wav"
"753","stim/500298_blockNr_1_taskNr_7_trialNr_22_spanish_recording.wav"
"754","stim/500298_blockNr_1_taskNr_7_trialNr_24_spanish_recording.wav"
"755","stim/500298_blockNr_1_taskNr_7_trialNr_6_spanish_recording.wav"
"756","stim/500298_blockNr_1_taskNr_7_trialNr_9_spanish_recording.wav"
"757","stim/500301_blockNr_1_taskNr_6_trialNr_1_spanish_recording.wav"
"758","stim/500301_blockNr_1_taskNr_6_trialNr_11_spanish_recording.wav"
"759","stim/500301_blockNr_1_taskNr_6_trialNr_12_spanish_recording.wav"
"760","stim/500301_blockNr_1_taskNr_6_trialNr_14_spanish_recording.wav"
"761","stim/500301_blockNr_1_taskNr_6_trialNr_19_spanish_recording.wav"
"762","stim/500301_blockNr_1_taskNr_6_trialNr_20_spanish_recording.wav"
"763","stim/500301_blockNr_1_taskNr_6_trialNr_4_spanish_recording.wav"
"764","stim/500301_blockNr_1_taskNr_6_trialNr_5_spanish_recording.wav"
"765","stim/500301_blockNr_1_taskNr_6_trialNr_7_spanish_recording.wav"
"766","stim/500401_blockNr_1_taskNr_6_trialNr_12_spanish_recording.wav"
"767","stim/500401_blockNr_1_taskNr_6_trialNr_13_spanish_recording.wav"
"768","stim/500401_blockNr_1_taskNr_6_trialNr_2_spanish_recording.wav"
"769","stim/500401_blockNr_1_taskNr_6_trialNr_22_spanish_recording.wav"
"770","stim/500401_blockNr_1_taskNr_6_trialNr_23_spanish_recording.wav"
"771","stim/500401_blockNr_1_taskNr_6_trialNr_4_spanish_recording.wav"
"772","stim/500401_blockNr_1_taskNr_6_trialNr_5_spanish_recording.wav"
"773","stim/500401_blockNr_1_taskNr_6_trialNr_7_spanish_recording.wav"
"774","stim/500401_blockNr_1_taskNr_6_trialNr_8_spanish_recording.wav"
